[
  {
    "timestamp": 1766462687681,
    "computedHash": "d6824cc2ded2cc29",
    "originalCardId": "bernal-04",
    "originalConfidence": 0.44999999999999996,
    "correctedCardId": "thruster-12",
    "scanId": "scan-1766462639410",
    "cardIndex": 6
  },
  {
    "timestamp": 1766462739803,
    "computedHash": "4c1dedd5b8d161c6",
    "originalCardId": "reactor-03",
    "originalConfidence": 0.3499999999999999,
    "correctedCardId": "generator-06",
    "scanId": "scan-1766462639410",
    "cardIndex": 1
  },
  {
    "timestamp": 1766462867579,
    "computedHash": "e5e8adfab6c65296",
    "originalCardId": "colonist-18",
    "originalConfidence": 0.6,
    "correctedCardId": "generator-09",
    "scanId": "scan-1766462639410",
    "cardIndex": 4
  },
  {
    "timestamp": 1766462938014,
    "computedHash": "b5c89d8d1d8e4bdc",
    "originalCardId": "contract-01",
    "originalConfidence": 0.3499999999999999,
    "correctedCardId": "robonaut-12",
    "scanId": "scan-1766462639410",
    "cardIndex": 3
  },
  {
    "timestamp": 1766462968677,
    "computedHash": "5a470d0d4b344ad4",
    "originalCardId": "colonist-95",
    "originalConfidence": 0.29999999999999993,
    "correctedCardId": "reactor-09",
    "scanId": "scan-1766462639410",
    "cardIndex": 5
  },
  {
    "timestamp": 1766463009273,
    "computedHash": "7ba9c7b25176d962",
    "originalCardId": "robonaut-06",
    "originalConfidence": 0.29999999999999993,
    "correctedCardId": "reactor-10",
    "scanId": "scan-1766462639410",
    "cardIndex": 2
  },
  {
    "timestamp": 1766463060065,
    "computedHash": "ac5e9892d1c8ce38",
    "originalCardId": "colonist-04",
    "originalConfidence": 0.3999999999999999,
    "correctedCardId": "radiator-07",
    "scanId": "scan-1766462639410",
    "cardIndex": 0
  }
]