[
  {
    "id": "scan-1766462639410",
    "timestamp": "2025-12-23T04:03:59.410Z",
    "cardsCount": 7,
    "cards": [
      {
        "cardId": "radiator-07",
        "filename": "Radiator07-Black-TinDroplet.png",
        "side": "black",
        "confidence": 1,
        "corners": [
          {
            "x": 473,
            "y": 829
          },
          {
            "x": 627,
            "y": 840
          },
          {
            "x": 625,
            "y": 1066
          },
          {
            "x": 467,
            "y": 1063
          }
        ],
        "showingOpposite": false,
        "identified": true,
        "boundingBox": {
          "x": 467,
          "y": 829,
          "width": 160,
          "height": 237
        },
        "computedHash": "ac5e9892d1c8ce38",
        "matchDistance": 20,
        "topMatches": [
          {
            "cardId": "colonist-04",
            "distance": 20
          },
          {
            "cardId": "colonist-05",
            "distance": 20
          },
          {
            "cardId": "contract-07",
            "distance": 21
          },
          {
            "cardId": "contract-62",
            "distance": 21
          },
          {
            "cardId": "colonist-02",
            "distance": 22
          }
        ]
      },
      {
        "cardId": "generator-06",
        "filename": "Generator06-Black-NanocompositeThermoelectric.png",
        "side": "black",
        "confidence": 1,
        "corners": [
          {
            "x": 261,
            "y": 256
          },
          {
            "x": 417,
            "y": 252
          },
          {
            "x": 420,
            "y": 469
          },
          {
            "x": 268,
            "y": 476
          }
        ],
        "showingOpposite": false,
        "identified": true,
        "boundingBox": {
          "x": 261,
          "y": 252,
          "width": 159,
          "height": 224
        },
        "computedHash": "4c1dedd5b8d161c6",
        "matchDistance": 21,
        "topMatches": [
          {
            "cardId": "reactor-03",
            "distance": 21
          },
          {
            "cardId": "contract-60",
            "distance": 23
          },
          {
            "cardId": "generator-10",
            "distance": 23
          },
          {
            "cardId": "reactor-04",
            "distance": 23
          },
          {
            "cardId": "reactor-08",
            "distance": 23
          }
        ]
      },
      {
        "cardId": "reactor-10",
        "filename": "Reactor10-Black-ProjectValkyrie.png",
        "side": "black",
        "confidence": 1,
        "corners": [
          {
            "x": 469,
            "y": 564
          },
          {
            "x": 615,
            "y": 556
          },
          {
            "x": 627,
            "y": 782
          },
          {
            "x": 478,
            "y": 790
          }
        ],
        "showingOpposite": false,
        "identified": true,
        "boundingBox": {
          "x": 469,
          "y": 556,
          "width": 158,
          "height": 234
        },
        "computedHash": "7ba9c7b25176d962",
        "matchDistance": 22,
        "topMatches": [
          {
            "cardId": "robonaut-06",
            "distance": 22
          },
          {
            "cardId": "refinery-06",
            "distance": 23
          },
          {
            "cardId": "radiator-12",
            "distance": 24
          },
          {
            "cardId": "reactor-03",
            "distance": 24
          },
          {
            "cardId": "generator-15",
            "distance": 25
          }
        ]
      },
      {
        "cardId": "robonaut-12",
        "filename": "Robonaut12-Black-MITEEArcjet.png",
        "side": "black",
        "confidence": 1,
        "corners": [
          {
            "x": 85,
            "y": 553
          },
          {
            "x": 230,
            "y": 549
          },
          {
            "x": 235,
            "y": 770
          },
          {
            "x": 81,
            "y": 778
          }
        ],
        "showingOpposite": false,
        "identified": true,
        "boundingBox": {
          "x": 81,
          "y": 549,
          "width": 154,
          "height": 229
        },
        "computedHash": "b5c89d8d1d8e4bdc",
        "matchDistance": 21,
        "topMatches": [
          {
            "cardId": "contract-01",
            "distance": 21
          },
          {
            "cardId": "contract-08",
            "distance": 21
          },
          {
            "cardId": "contract-21",
            "distance": 21
          },
          {
            "cardId": "contract-60",
            "distance": 21
          },
          {
            "cardId": "bernal-06",
            "distance": 22
          }
        ]
      },
      {
        "cardId": "generator-09",
        "filename": "Generator09-Black-Z-PinchMicrofission.png",
        "side": "black",
        "confidence": 1,
        "corners": [
          {
            "x": 462,
            "y": 268
          },
          {
            "x": 613,
            "y": 264
          },
          {
            "x": 617,
            "y": 484
          },
          {
            "x": 460,
            "y": 486
          }
        ],
        "showingOpposite": false,
        "identified": true,
        "boundingBox": {
          "x": 460,
          "y": 264,
          "width": 157,
          "height": 222
        },
        "computedHash": "e5e8adfab6c65296",
        "matchDistance": 16,
        "topMatches": [
          {
            "cardId": "colonist-18",
            "distance": 16
          },
          {
            "cardId": "colonist-15",
            "distance": 18
          },
          {
            "cardId": "generator-11",
            "distance": 18
          },
          {
            "cardId": "reactor-04",
            "distance": 18
          },
          {
            "cardId": "colonist-03",
            "distance": 19
          }
        ]
      },
      {
        "cardId": "reactor-09",
        "filename": "Reactor09-Black-3He-DFusionMirrorCell.png",
        "side": "black",
        "confidence": 1,
        "corners": [
          {
            "x": 288,
            "y": 559
          },
          {
            "x": 433,
            "y": 564
          },
          {
            "x": 431,
            "y": 784
          },
          {
            "x": 283,
            "y": 780
          }
        ],
        "showingOpposite": false,
        "identified": true,
        "boundingBox": {
          "x": 283,
          "y": 559,
          "width": 150,
          "height": 225
        },
        "computedHash": "5a470d0d4b344ad4",
        "matchDistance": 22,
        "topMatches": [
          {
            "cardId": "colonist-95",
            "distance": 22
          },
          {
            "cardId": "colonist-17",
            "distance": 23
          },
          {
            "cardId": "radiator-04",
            "distance": 23
          },
          {
            "cardId": "colonist-92",
            "distance": 24
          },
          {
            "cardId": "colonist-94",
            "distance": 24
          }
        ]
      },
      {
        "cardId": "thruster-12",
        "filename": "Thruster12-Black-CollidingBeamH-BFusion.png",
        "side": "black",
        "confidence": 1,
        "corners": [
          {
            "x": 80,
            "y": 293
          },
          {
            "x": 220,
            "y": 281
          },
          {
            "x": 230,
            "y": 502
          },
          {
            "x": 88,
            "y": 509
          }
        ],
        "showingOpposite": false,
        "identified": true,
        "boundingBox": {
          "x": 80,
          "y": 281,
          "width": 150,
          "height": 228
        },
        "computedHash": "d6824cc2ded2cc29",
        "matchDistance": 19,
        "topMatches": [
          {
            "cardId": "bernal-04",
            "distance": 19
          },
          {
            "cardId": "bernal-11",
            "distance": 19
          },
          {
            "cardId": "contract-27",
            "distance": 20
          },
          {
            "cardId": "thruster-12",
            "distance": 20
          },
          {
            "cardId": "bernal-07",
            "distance": 21
          }
        ]
      }
    ]
  }
]